Period,State,Unit,Value
Summer 1998/99,New South Wales, (Megawatts),10275
Summer 1998/99,Queensland, (Megawatts),5994
Summer 1998/99,South Australia, (Megawatts),2427
Summer 1998/99,Victoria, (Megawatts),6670
Summer 1999/00,New South Wales, (Megawatts),10662
Summer 1999/00,Queensland, (Megawatts),6340
Summer 1999/00,South Australia, (Megawatts),2646
Summer 1999/00,Victoria, (Megawatts),7717
Summer 2000/01,New South Wales, (Megawatts),11547
Summer 2000/01,Queensland, (Megawatts),6584
Summer 2000/01,South Australia, (Megawatts),2833
Summer 2000/01,Victoria, (Megawatts),8019
Summer 2001/02,New South Wales, (Megawatts),10982
Summer 2001/02,Queensland, (Megawatts),7045
Summer 2001/02,South Australia, (Megawatts),2500
Summer 2001/02,Victoria, (Megawatts),7581
Summer 2002/03,New South Wales, (Megawatts),12331
Summer 2002/03,Queensland, (Megawatts),7105
Summer 2002/03,South Australia, (Megawatts),2787
Summer 2002/03,Victoria, (Megawatts),8041
Summer 2003/04,New South Wales, (Megawatts),12216
Summer 2003/04,Queensland, (Megawatts),7918
Summer 2003/04,South Australia, (Megawatts),2602
Summer 2003/04,Victoria, (Megawatts),8583
Summer 2004/05,New South Wales, (Megawatts),12854
Summer 2004/05,Queensland, (Megawatts),8189
Summer 2004/05,South Australia, (Megawatts),2625
Summer 2004/05,Victoria, (Megawatts),8492
Summer 2005/06,New South Wales, (Megawatts),13297
Summer 2005/06,Queensland, (Megawatts),8271
Summer 2005/06,South Australia, (Megawatts),2921
Summer 2005/06,Tasmania, (Megawatts),1348
Summer 2005/06,Victoria, (Megawatts),8742
Summer 2006/07,New South Wales, (Megawatts),12868
Summer 2006/07,Queensland, (Megawatts),8625
Summer 2006/07,South Australia, (Megawatts),2958
Summer 2006/07,Tasmania, (Megawatts),1556
Summer 2006/07,Victoria, (Megawatts),9080
Summer 2007/08,New South Wales, (Megawatts),12944
Summer 2007/08,Queensland, (Megawatts),8115
Summer 2007/08,South Australia, (Megawatts),3155
Summer 2007/08,Tasmania, (Megawatts),1513
Summer 2007/08,Victoria, (Megawatts),9830
Summer 2008/09,New South Wales, (Megawatts),14097
Summer 2008/09,Queensland, (Megawatts),8697
Summer 2008/09,South Australia, (Megawatts),3391
Summer 2008/09,Tasmania, (Megawatts),1511
Summer 2008/09,Victoria, (Megawatts),10490
Summer 2009/10,New South Wales, (Megawatts),13913
Summer 2009/10,Queensland, (Megawatts),8933
Summer 2009/10,South Australia, (Megawatts),3302
Summer 2009/10,Tasmania, (Megawatts),1460
Summer 2009/10,Victoria, (Megawatts),10088
Summer 2010/11,New South Wales, (Megawatts),14764
Summer 2010/11,Queensland, (Megawatts),8809
Summer 2010/11,South Australia, (Megawatts),3397
Summer 2010/11,Tasmania, (Megawatts),1475
Summer 2010/11,Victoria, (Megawatts),9906
Summer 2011/12,New South Wales, (Megawatts),12072
Summer 2011/12,Queensland, (Megawatts),8699
Summer 2011/12,South Australia, (Megawatts),2978
Summer 2011/12,Tasmania, (Megawatts),1448
Summer 2011/12,Victoria, (Megawatts),9155
Summer 2012/13,New South Wales, (Megawatts),13906
Summer 2012/13,Queensland, (Megawatts),8606
Summer 2012/13,South Australia, (Megawatts),3096
Summer 2012/13,Tasmania, (Megawatts),1415
Summer 2012/13,Victoria, (Megawatts),9760
Summer 2013/14,New South Wales, (Megawatts),12016
Summer 2013/14,Queensland, (Megawatts),8465
Summer 2013/14,South Australia, (Megawatts),3280
Summer 2013/14,Tasmania, (Megawatts),1469
Summer 2013/14,Victoria, (Megawatts),10308
Summer 2014/15,New South Wales, (Megawatts),11874
Summer 2014/15,Queensland, (Megawatts),8969
Summer 2014/15,South Australia, (Megawatts),2806
Summer 2014/15,Tasmania, (Megawatts),1457
Summer 2014/15,Victoria, (Megawatts),8635
Summer 2015/16,New South Wales, (Megawatts),13599
Summer 2015/16,Queensland, (Megawatts),9260
Summer 2015/16,South Australia, (Megawatts),2957
Summer 2015/16,Tasmania, (Megawatts),1461
Summer 2015/16,Victoria, (Megawatts),9523
Summer 2016/17,New South Wales, (Megawatts),14107
Summer 2016/17,Queensland, (Megawatts),9508
Summer 2016/17,South Australia, (Megawatts),3085
Summer 2016/17,Tasmania, (Megawatts),1479
Summer 2016/17,Victoria, (Megawatts),8730
Summer 2017/18,New South Wales, (Megawatts),13081
Summer 2017/18,Queensland, (Megawatts),9922
Summer 2017/18,South Australia, (Megawatts),2962
Summer 2017/18,Tasmania, (Megawatts),1412
Summer 2017/18,Victoria, (Megawatts),9159
Summer 2018/19,New South Wales, (Megawatts),13861
Summer 2018/19,Queensland, (Megawatts),10179
Summer 2018/19,South Australia, (Megawatts),3244
Summer 2018/19,Tasmania, (Megawatts),1395
Summer 2018/19,Victoria, (Megawatts),9318
Summer 2019/20,New South Wales, (Megawatts),13827
Summer 2019/20,Queensland, (Megawatts),9971
Summer 2019/20,South Australia, (Megawatts),3221
Summer 2019/20,Tasmania, (Megawatts),1444
Summer 2019/20,Victoria, (Megawatts),9618
Summer 2020/21,New South Wales, (Megawatts),12535
Summer 2020/21,Queensland, (Megawatts),9581
Summer 2020/21,South Australia, (Megawatts),2834
Summer 2020/21,Tasmania, (Megawatts),1383
Summer 2020/21,Victoria, (Megawatts),8391
Winter 1999,New South Wales, (Megawatts),11424
Winter 1999,Queensland, (Megawatts),5879
Winter 1999,South Australia, (Megawatts),1921
Winter 1999,Victoria, (Megawatts),6745
Winter 2000,New South Wales, (Megawatts),11822
Winter 2000,Queensland, (Megawatts),6343
Winter 2000,South Australia, (Megawatts),2142
Winter 2000,Victoria, (Megawatts),7113
Winter 2001,New South Wales, (Megawatts),11713
Winter 2001,Queensland, (Megawatts),6397
Winter 2001,South Australia, (Megawatts),2095
Winter 2001,Victoria, (Megawatts),7137
Winter 2002,New South Wales, (Megawatts),12074
Winter 2002,Queensland, (Megawatts),6345
Winter 2002,South Australia, (Megawatts),2129
Winter 2002,Victoria, (Megawatts),7300
Winter 2003,New South Wales, (Megawatts),12468
Winter 2003,Queensland, (Megawatts),6778
Winter 2003,South Australia, (Megawatts),2137
Winter 2003,Victoria, (Megawatts),7499
Winter 2004,New South Wales, (Megawatts),13041
Winter 2004,Queensland, (Megawatts),7106
Winter 2004,South Australia, (Megawatts),2156
Winter 2004,Victoria, (Megawatts),7437
Winter 2005,New South Wales, (Megawatts),13123
Winter 2005,Queensland, (Megawatts),7249
Winter 2005,South Australia, (Megawatts),2263
Winter 2005,Tasmania, (Megawatts),1718
Winter 2005,Victoria, (Megawatts),7750
Winter 2006,New South Wales, (Megawatts),13078
Winter 2006,Queensland, (Megawatts),7614
Winter 2006,South Australia, (Megawatts),2379
Winter 2006,Tasmania, (Megawatts),1747
Winter 2006,Victoria, (Megawatts),7880
Winter 2007,New South Wales, (Megawatts),13894
Winter 2007,Queensland, (Megawatts),7838
Winter 2007,South Australia, (Megawatts),2460
Winter 2007,Tasmania, (Megawatts),1827
Winter 2007,Victoria, (Megawatts),8369
Winter 2008,New South Wales, (Megawatts),14292
Winter 2008,Queensland, (Megawatts),8203
Winter 2008,South Australia, (Megawatts),2534
Winter 2008,Tasmania, (Megawatts),1884
Winter 2008,Victoria, (Megawatts),8089
Winter 2009,New South Wales, (Megawatts),13003
Winter 2009,Queensland, (Megawatts),7707
Winter 2009,South Australia, (Megawatts),2441
Winter 2009,Tasmania, (Megawatts),1763
Winter 2009,Victoria, (Megawatts),8188
Winter 2010,New South Wales, (Megawatts),13324
Winter 2010,Queensland, (Megawatts),7421
Winter 2010,South Australia, (Megawatts),2508
Winter 2010,Tasmania, (Megawatts),1783
Winter 2010,Victoria, (Megawatts),8127
Winter 2011,New South Wales, (Megawatts),12942
Winter 2011,Queensland, (Megawatts),7725
Winter 2011,South Australia, (Megawatts),2385
Winter 2011,Tasmania, (Megawatts),1830
Winter 2011,Victoria, (Megawatts),8242
Winter 2012,New South Wales, (Megawatts),12205
Winter 2012,Queensland, (Megawatts),7461
Winter 2012,South Australia, (Megawatts),2419
Winter 2012,Tasmania, (Megawatts),1705
Winter 2012,Victoria, (Megawatts),7950
Winter 2013,New South Wales, (Megawatts),11662
Winter 2013,Queensland, (Megawatts),7233
Winter 2013,South Australia, (Megawatts),2352
Winter 2013,Tasmania, (Megawatts),1766
Winter 2013,Victoria, (Megawatts),7898
Winter 2014,New South Wales, (Megawatts),11412
Winter 2014,Queensland, (Megawatts),7407
Winter 2014,South Australia, (Megawatts),2395
Winter 2014,Tasmania, (Megawatts),1728
Winter 2014,Victoria, (Megawatts),7648
Winter 2015,New South Wales, (Megawatts),12129
Winter 2015,Queensland, (Megawatts),8006
Winter 2015,South Australia, (Megawatts),2450
Winter 2015,Tasmania, (Megawatts),1747
Winter 2015,Victoria, (Megawatts),7923
Winter 2016,New South Wales, (Megawatts),12620
Winter 2016,Queensland, (Megawatts),8117
Winter 2016,South Australia, (Megawatts),2460
Winter 2016,Tasmania, (Megawatts),1676
Winter 2016,Victoria, (Megawatts),7767
Winter 2017,New South Wales, (Megawatts),11986
Winter 2017,Queensland, (Megawatts),7805
Winter 2017,South Australia, (Megawatts),2307
Winter 2017,Tasmania, (Megawatts),1743
Winter 2017,Victoria, (Megawatts),7472
Winter 2018,New South Wales, (Megawatts),12123
Winter 2018,Queensland, (Megawatts),8277
Winter 2018,South Australia, (Megawatts),2380
Winter 2018,Tasmania, (Megawatts),1736
Winter 2018,Victoria, (Megawatts),7484
Winter 2019,New South Wales, (Megawatts),12140
Winter 2019,Queensland, (Megawatts),8189
Winter 2019,South Australia, (Megawatts),2565
Winter 2019,Tasmania, (Megawatts),1756
Winter 2019,Victoria, (Megawatts),7601
Winter 2020,New South Wales, (Megawatts),12165
Winter 2020,Queensland, (Megawatts),8250
Winter 2020,South Australia, (Megawatts),2512
Winter 2020,Tasmania, (Megawatts),1699
Winter 2020,Victoria, (Megawatts),7630
Winter 2021 (YTD),New South Wales, (Megawatts),12989
Winter 2021 (YTD),Queensland, (Megawatts),7980
Winter 2021 (YTD),South Australia, (Megawatts),2420
Winter 2021 (YTD),Tasmania, (Megawatts),1769
Winter 2021 (YTD),Victoria, (Megawatts),7647
